RMSE,MAPE,R²
1780.946646471652,0.3469200729385618,0.3790674180271387
